title,link
Qlik.Sense.HTTP.Tunneling.Vulnerability,www.fortiguard.com/encyclopedia/ips/53624
Diameter.Incorrect.Message.Length,www.fortiguard.com/encyclopedia/ips/52230
Diameter.Incorrect.Reserved.Bits,www.fortiguard.com/encyclopedia/ips/52232
Diameter.Invalid.Version,www.fortiguard.com/encyclopedia/ips/52229
Diameter.Message.Command.Overlong,www.fortiguard.com/encyclopedia/ips/52233
Diameter.Request.Message.Error.Flag.Set,www.fortiguard.com/encyclopedia/ips/52231
Diameter.Response.Message.No.Matching.Request.Found,www.fortiguard.com/encyclopedia/ips/52234
Diameter.Unrecognized.Header,www.fortiguard.com/encyclopedia/ips/52228
SSL.Null.Ciphers.Negotiation,www.fortiguard.com/encyclopedia/ips/52410
Siemens.SINEMA.Remote.Connect.Reflected.XSS,www.fortiguard.com/encyclopedia/ips/51721
MSRP.Max.Message.Size.Exceeded,www.fortiguard.com/encyclopedia/ips/50540
LDAP.Kerberos.SPN.Query,www.fortiguard.com/encyclopedia/ips/49752
Kinetica.Admin.getLogs.Function.Remote.OS.Command.Execution,www.fortiguard.com/encyclopedia/ips/48953
D-Link.DIR866L.HtmlResponseMessage.XSS,www.fortiguard.com/encyclopedia/ips/48387
HTML.Code.Obfuscators,www.fortiguard.com/encyclopedia/ips/48246
SSL.Anonymous.Ciphers.Negotiation,www.fortiguard.com/encyclopedia/ips/43544
Test.Update.Integer.Overflow,www.fortiguard.com/encyclopedia/ips/53
HTTP.Chunk.Length.Invalid,www.fortiguard.com/encyclopedia/ips/39122
Obfuscated.PDF.Access,www.fortiguard.com/encyclopedia/ips/38397
NTP.Zero.Transmit.Timestamp,www.fortiguard.com/encyclopedia/ips/37578
NTP.Unknown.Stratum,www.fortiguard.com/encyclopedia/ips/37576
TCP.Inconsistent.Retransmission,www.fortiguard.com/encyclopedia/ips/35640
TCP.Overlapping.Fragments,www.fortiguard.com/encyclopedia/ips/29511
Eicar.Virus.Test.File,www.fortiguard.com/encyclopedia/ips/29844
TCP.Out.Of.Range.Timestamp,www.fortiguard.com/encyclopedia/ips/17677
Public.Tags,www.fortiguard.com/encyclopedia/ips/15306
DNP3.Function.Code.Scan,www.fortiguard.com/encyclopedia/ips/15282
DNP3.Points.List.Scan,www.fortiguard.com/encyclopedia/ips/15281
Modbus.TCP.Function.Code.Scan,www.fortiguard.com/encyclopedia/ips/15291
Modbus.TCP.Points.List.Scan,www.fortiguard.com/encyclopedia/ips/15287
VoIP.SIP.Semicolon.Separated.Params,www.fortiguard.com/encyclopedia/ips/13883
NBSS.Invalid.PDU.Size,www.fortiguard.com/encyclopedia/ips/13544
NBSS.Invalid.PDU.Size,www.fortiguard.com/encyclopedia/ips/110034947
DNS.Invalid.Label.Length,www.fortiguard.com/encyclopedia/ips/8912897
DNS.Invalid.Label.Length,www.fortiguard.com/encyclopedia/ips/12765
DNS.Invalid.OPcode,www.fortiguard.com/encyclopedia/ips/12316
DNS.Invalid.OPcode,www.fortiguard.com/encyclopedia/ips/8912906
DNS.Unexpected.Qclass,www.fortiguard.com/encyclopedia/ips/8912907
DNS.Unexpected.Qclass,www.fortiguard.com/encyclopedia/ips/12428
DNS.Unknown.Type,www.fortiguard.com/encyclopedia/ips/12374
DNS.Unknown.Type,www.fortiguard.com/encyclopedia/ips/8912905
FTP.Login.Failed,www.fortiguard.com/encyclopedia/ips/12686
FTP.Login.Failed,www.fortiguard.com/encyclopedia/ips/109445125
FTP.Syntax.Error,www.fortiguard.com/encyclopedia/ips/13017
FTP.Syntax.Error,www.fortiguard.com/encyclopedia/ips/109445131
H323.IE.Syntax.Error,www.fortiguard.com/encyclopedia/ips/294518786
H323.IE.Syntax.Error,www.fortiguard.com/encyclopedia/ips/12711
H323.Message.Overflow,www.fortiguard.com/encyclopedia/ips/294518785
H323.Message.Overflow,www.fortiguard.com/encyclopedia/ips/12251
H323.UUIE.Syntax.Error,www.fortiguard.com/encyclopedia/ips/13026
H323.UUIE.Syntax.Error,www.fortiguard.com/encyclopedia/ips/294518787
HTTP.Overly.Long.URI,www.fortiguard.com/encyclopedia/ips/107347974
HTTP.Overly.Long.URI,www.fortiguard.com/encyclopedia/ips/12693
ICMP.Invalid.Packet.Size,www.fortiguard.com/encyclopedia/ips/24903681
ICMP.Invalid.Packet.Size,www.fortiguard.com/encyclopedia/ips/12281
IMAP.Command.Overflow,www.fortiguard.com/encyclopedia/ips/12865
IMAP.Command.Overflow,www.fortiguard.com/encyclopedia/ips/109379590
IMAP.Invalid.State,www.fortiguard.com/encyclopedia/ips/109379585
IMAP.Invalid.State,www.fortiguard.com/encyclopedia/ips/12672
IMAP.Login.Failed,www.fortiguard.com/encyclopedia/ips/12229
IMAP.Login.Failed,www.fortiguard.com/encyclopedia/ips/109379589
IP.Loose.Src.Record.Route.Option,www.fortiguard.com/encyclopedia/ips/12805
IPv4.Invalid.Datagram.Size,www.fortiguard.com/encyclopedia/ips/7929858
IPv4.Invalid.Datagram.Size,www.fortiguard.com/encyclopedia/ips/13071
LDAP.Delete.Empty.BaseDN,www.fortiguard.com/encyclopedia/ips/109838343
LDAP.Delete.Empty.BaseDN,www.fortiguard.com/encyclopedia/ips/12841
LDAP.Empty.Attribute,www.fortiguard.com/encyclopedia/ips/109838341
LDAP.Empty.Attribute,www.fortiguard.com/encyclopedia/ips/12701
LDAP.Invalid.Message.Header,www.fortiguard.com/encyclopedia/ips/13122
LDAP.Invalid.Message.Header,www.fortiguard.com/encyclopedia/ips/109838338
LDAP.Invalid.Version,www.fortiguard.com/encyclopedia/ips/12838
LDAP.Invalid.Version,www.fortiguard.com/encyclopedia/ips/109838337
MS.SQL.Empty.Packet,www.fortiguard.com/encyclopedia/ips/109772806
MS.SQL.Empty.Packet,www.fortiguard.com/encyclopedia/ips/13045
MS.SQL.Server.Unknown.Packet.Type,www.fortiguard.com/encyclopedia/ips/109772810
MS.SQL.Server.Unknown.Packet.Type,www.fortiguard.com/encyclopedia/ips/12149
POP3.Invalid.Message.Number,www.fortiguard.com/encyclopedia/ips/109248519
POP3.Invalid.Message.Number,www.fortiguard.com/encyclopedia/ips/13015
POP3.Login.Failed,www.fortiguard.com/encyclopedia/ips/109248518
POP3.Login.Failed,www.fortiguard.com/encyclopedia/ips/12371
POP3.Syntax.Error,www.fortiguard.com/encyclopedia/ips/12427
POP3.Syntax.Error,www.fortiguard.com/encyclopedia/ips/109248515
POP3.Unknown.Reply,www.fortiguard.com/encyclopedia/ips/12280
POP3.Unknown.Reply,www.fortiguard.com/encyclopedia/ips/109248517
RADIUS.Invalid.Attribute,www.fortiguard.com/encyclopedia/ips/12419
RADIUS.Invalid.Attribute,www.fortiguard.com/encyclopedia/ips/294584325
RADIUS.Malformed.Packet,www.fortiguard.com/encyclopedia/ips/294584326
RADIUS.Malformed.Packet,www.fortiguard.com/encyclopedia/ips/12404
RPC.Fragment.Traffic,www.fortiguard.com/encyclopedia/ips/107610113
RPC.Fragment.Traffic,www.fortiguard.com/encyclopedia/ips/12852
SMTP.Line.Overflow,www.fortiguard.com/encyclopedia/ips/12787
SMTP.Line.Overflow,www.fortiguard.com/encyclopedia/ips/109314055
SMTP.Syntax.Error,www.fortiguard.com/encyclopedia/ips/12610
SMTP.Syntax.Error,www.fortiguard.com/encyclopedia/ips/109314051
SMTP.Unknown.Reply,www.fortiguard.com/encyclopedia/ips/12285
SMTP.Unknown.Reply,www.fortiguard.com/encyclopedia/ips/109314053
SNMP.Invalid.ID,www.fortiguard.com/encyclopedia/ips/13114
SNMP.Invalid.ID,www.fortiguard.com/encyclopedia/ips/294191111
SNMP.Invalid.Version,www.fortiguard.com/encyclopedia/ips/12629
SNMP.Invalid.Version,www.fortiguard.com/encyclopedia/ips/294191110
TCP.Bad.Flags,www.fortiguard.com/encyclopedia/ips/107937793
TCP.Bad.Flags,www.fortiguard.com/encyclopedia/ips/12145
TCP.Invalid.Packet.Size,www.fortiguard.com/encyclopedia/ips/12495
TCP.Invalid.Packet.Size,www.fortiguard.com/encyclopedia/ips/108658689
invalid_code,www.fortiguard.com/encyclopedia/ips/12859
invalid_code,www.fortiguard.com/encyclopedia/ips/294584322
multiple_record,www.fortiguard.com/encyclopedia/ips/12578
multiple_record,www.fortiguard.com/encyclopedia/ips/107610114
reply_too_long,www.fortiguard.com/encyclopedia/ips/12695
reply_too_long,www.fortiguard.com/encyclopedia/ips/109314057
undersize_msg,www.fortiguard.com/encyclopedia/ips/12937
undersize_msg,www.fortiguard.com/encyclopedia/ips/8912903
unknown_class,www.fortiguard.com/encyclopedia/ips/8912904
unknown_class,www.fortiguard.com/encyclopedia/ips/12551
unknown_msg,www.fortiguard.com/encyclopedia/ips/12230
unknown_msg,www.fortiguard.com/encyclopedia/ips/109838340
unknown_sql_version,www.fortiguard.com/encyclopedia/ips/109772809
unknown_sql_version,www.fortiguard.com/encyclopedia/ips/12541
TFTP.Request.EXE.File,www.fortiguard.com/encyclopedia/ips/13131
DNP3.Broadcast.Request.Authorized.Client,www.fortiguard.com/encyclopedia/ips/11509
ICCP.COTP.Disconnect.Address.Unknown.Request,www.fortiguard.com/encyclopedia/ips/11516
ICCP.Invalid.OSI.PSEL.Abort.PDU,www.fortiguard.com/encyclopedia/ips/11519
Modbus.TCP.Force.Listen.Only,www.fortiguard.com/encyclopedia/ips/11521
Modbus.TCP.Invalid.Packet.Length,www.fortiguard.com/encyclopedia/ips/11534
Modbus.TCP.Restart.Communications.Option,www.fortiguard.com/encyclopedia/ips/11522
